id,first_name,last_name,email,gender,password
1,Curran,Haggart,chaggart0@so-net.ne.jp,Male,qAQv57
2,Fawnia,Nannoni,fnannoni1@npr.org,Female,CCYVdhN
3,Amelita,Lohering,alohering2@sphinn.com,Female,fctrbYeG8UYo
4,Arabella,Croyden,acroyden3@vinaora.com,Female,MVGcGHeUtL5m
5,Marylin,Warratt,mwarratt4@reddit.com,Female,MujzuVaYy
6,Doralynn,Cason,dcason5@t.co,Male,TZsA84Jx
7,Ari,Garry,agarry6@newyorker.com,Female,iOhGQEgBbPWL
8,Linnea,Reynoldson,lreynoldson7@china.com.cn,Female,6T1y8wukek
9,Mart,Schoffler,mschoffler8@princeton.edu,Female,4PHnRLUxCw
10,Dru,Dracksford,ddracksford9@fc2.com,Female,oSkPHjAjUXTv
11,Ivie,Ivan,iivana@hao123.com,Male,YTSoKcZ
12,Carmina,Catterick,ccatterickb@cornell.edu,Female,1a9Mlm3fTZV7
13,Teresina,Dinesen,tdinesenc@themeforest.net,Female,B21l4TWAAzt
14,Haily,Broker,hbrokerd@lulu.com,Female,TAUwsUNPCl
15,Sully,Sperling,ssperlinge@about.me,Female,ZPxCth
16,Andris,Donalson,adonalsonf@bing.com,Male,QJG5HSw8
17,Osmond,Croydon,ocroydong@businessweek.com,Female,Dap8wAwmGC2
18,Killie,Brislane,kbrislaneh@un.org,Female,tt3hQt
19,Base,Gilardoni,bgilardonii@w3.org,Female,O8vnTc
20,Amery,Billie,abilliej@wp.com,Female,Rtpodlt1nMj
21,Godart,Djokic,gdjokick@mediafire.com,Male,QieuiKx8Jn0
22,Ossie,Starsmore,ostarsmorel@t.co,Female,JYkm4p0bJjF
23,Thatcher,Auty,tautym@google.pl,Female,zit8rl
24,Morissa,Scrauniage,mscrauniagen@chronoengine.com,Female,Q0d1pTjNdL
25,Emmie,Gouldstraw,egouldstrawo@google.com.br,Female,Fo7u0aXojx
26,Aylmer,Osbiston,aosbistonp@buzzfeed.com,Male,WY2Iv09BdHY1
27,Abram,Pinke,apinkeq@blogger.com,Female,Htbv49
28,Ali,Sineath,asineathr@nba.com,Female,V4pDEKj31
29,Kalil,Lowdyane,klowdyanes@domainmarket.com,Female,mN3RGTEbK29I
30,Zonnya,Harrold,zharroldt@statcounter.com,Female,c7MzRE
31,Deidre,Hagerty,dhagertyu@moonfruit.com,Male,K1GIJS
32,Maura,Maywood,mmaywoodv@t.co,Female,eEXVK6RlGd
33,Lynn,Jore,ljorew@squidoo.com,Female,ztLQ5qC1c0
34,Sascha,Muller,smullerx@msn.com,Female,Hs6bvT
35,Lynn,Shimmin,lshimminy@mapy.cz,Female,IRB7R0XpO
36,Carlin,Dumphries,cdumphriesz@redcross.org,Male,2H1GTmNNmZ
37,Alexio,Jemmison,ajemmison10@csmonitor.com,Female,19jQhWu
38,Karie,Vorley,kvorley11@senate.gov,Female,FHwA1K1JN2
39,Bogey,Connett,bconnett12@furl.net,Female,LIXmIwxQEQro
40,Derry,Doag,ddoag13@creativecommons.org,Female,jwAVkOgG
41,Joya,Seckington,jseckington14@globo.com,Male,bfdmvlr0
42,Raviv,Pickersail,rpickersail15@mapquest.com,Female,D5LGSCG5
43,Knox,Nanetti,knanetti16@vimeo.com,Female,Wdm4TZ
44,Angie,Novotne,anovotne17@dyndns.org,Female,LIQ9AUF8
45,Jamison,Mynard,jmynard18@cornell.edu,Female,Ic4YOBxGtLr7
46,Averyl,Gomes,agomes19@ameblo.jp,Male,VYjo46bBi
47,Nalani,Dimic,ndimic1a@unc.edu,Female,ybuvBw
48,Gerardo,Willison,gwillison1b@list-manage.com,Female,SO8uVj
49,Jard,Stoppe,jstoppe1c@whitehouse.gov,Female,eL6MSFRoahAf
50,Stefano,Denge,sdenge1d@nationalgeographic.com,Female,COxpnUDy
51,Sissie,Rapport,srapport1e@last.fm,Male,gGYV0AIaBQ
52,Miner,Doman,mdoman1f@guardian.co.uk,Female,t9gqzz6
53,Walden,Mattea,wmattea1g@comsenz.com,Female,XhcFQxrGd3
54,Klaus,Lodeke,klodeke1h@reverbnation.com,Female,QGwb9Zp8mwg
55,Marcos,Wallington,mwallington1i@samsung.com,Female,NLbrgcwL9s3
56,Danita,Casotti,dcasotti1j@omniture.com,Male,WPzbFnp
57,Chad,Eringey,ceringey1k@irs.gov,Female,h35hsZ4AA
58,Leia,Averies,laveries1l@buzzfeed.com,Female,WGuhn17Epo1
59,Augusta,Crockatt,acrockatt1m@spotify.com,Female,BUadVWcrRI
60,Korie,Gratton,kgratton1n@over-blog.com,Female,0QrSb2t1yu
61,Bobbee,Spata,bspata1o@nifty.com,Male,lMa9lu
62,Ellary,Blesli,eblesli1p@exblog.jp,Female,pynsSSbJmaU
63,Lacy,Keyzor,lkeyzor1q@constantcontact.com,Female,D6sXg9s
64,Adiana,Oldaker,aoldaker1r@unesco.org,Female,k5DO5gxxtu
65,Spencer,Benard,sbenard1s@cafepress.com,Female,8vxOzIbWx
66,Dun,Molineux,dmolineux1t@economist.com,Male,TbxOHUeNvreY
67,Shawn,Shillitto,sshillitto1u@springer.com,Female,gK81UK29HX
68,Melesa,Gandy,mgandy1v@storify.com,Female,wn60ClbUf
69,Diana,Swede,dswede1w@facebook.com,Female,J1EF8g
70,Maje,Muckley,mmuckley1x@usgs.gov,Female,XuVmw4z
71,Paulo,McKeney,pmckeney1y@surveymonkey.com,Male,HtmjqewhD
72,Leonora,Leser,lleser1z@smh.com.au,Female,yG2modIxgl
73,Noll,Laherty,nlaherty20@gnu.org,Female,wOMVGoq
74,Godwin,Illing,gilling21@accuweather.com,Female,TYQd1IMb0
75,Genna,Wiper,gwiper22@microsoft.com,Female,fhX5VsZ9Vj
76,Georgeanne,Wapple,gwapple23@cloudflare.com,Male,A8XXGwmi6X8x
77,Saundra,McGinney,smcginney24@biblegateway.com,Female,TuUEVLpoE
78,Davidson,Coast,dcoast25@ifeng.com,Female,vbNtLBOi
79,Lee,Dunabie,ldunabie26@mediafire.com,Female,ePwmVUQd5a3h
80,Selina,Gaul,sgaul27@utexas.edu,Female,NkxJvHi
81,Emera,Peddowe,epeddowe28@exblog.jp,Male,gLfeCs
82,Patrizio,Cobon,pcobon29@livejournal.com,Female,uw42lB597eSx
83,Barnard,Dubose,bdubose2a@stanford.edu,Female,GdBlDQHXNoaU
84,Thayne,Lapthorne,tlapthorne2b@bloglines.com,Female,RukD4ICJ4Jh
85,Pancho,Quiney,pquiney2c@smugmug.com,Female,OJ5yNyizpN
86,Elwin,Tale,etale2d@upenn.edu,Male,gW0ec4sJnV8
87,Binnie,Coverdill,bcoverdill2e@biblegateway.com,Female,2F4KyXRW
88,Eustace,Hurrell,ehurrell2f@pagesperso-orange.fr,Female,t8OkyVtKI
89,Arlyn,Hilldrop,ahilldrop2g@bbc.co.uk,Female,Jcti2qtS
90,Bruno,Cottrill,bcottrill2h@examiner.com,Female,X7Fcrp
91,Junette,Gibling,jgibling2i@soup.io,Male,5gllkcwwOHLc
92,Mimi,Holcroft,mholcroft2j@bloglines.com,Female,QXbm13gaVJd1
93,Gayel,Ilchuk,gilchuk2k@china.com.cn,Female,zbmfRnhqH4
94,Carla,Illingsworth,cillingsworth2l@shutterfly.com,Female,L8RSU7sd6RP
95,Frederique,Theunissen,ftheunissen2m@wiley.com,Female,JShSWzg2r1T
96,Thomasin,Masser,tmasser2n@usda.gov,Male,9bMShVZ
97,Yanaton,Weathey,yweathey2o@epa.gov,Female,H7HjmfImd
98,Issiah,Minett,iminett2p@economist.com,Female,NUdS83
99,Gabie,Grubey,ggrubey2q@drupal.org,Female,7EKgZt
100,Web,Challace,wchallace2r@irs.gov,Female,OoDnpE
101,Trish,Roussel,troussel2s@bluehost.com,Male,UY4Gl4Hk2
102,Arluene,Sharland,asharland2t@indiatimes.com,Female,fYxCdip37OTD
103,Humbert,Conws,hconws2u@techcrunch.com,Female,gMDQHxT
104,Rolf,Ferryman,rferryman2v@gov.uk,Female,EtIsDdB0vc
105,Hyatt,Couves,hcouves2w@prnewswire.com,Female,QOGhVr
106,Brice,McBeth,bmcbeth2x@imgur.com,Male,AJ4aG7
107,Pamela,Bradnum,pbradnum2y@tuttocitta.it,Female,9XL6QGuc
108,Tamarah,Cottam,tcottam2z@mapy.cz,Female,IQHBUG9dJdEK
109,Brett,Iwanowicz,biwanowicz30@deviantart.com,Female,1Mo50FXH9Gg
110,Antonino,Scothorne,ascothorne31@ucoz.ru,Female,ZU5njAPRu
111,Town,Winstone,twinstone32@apple.com,Male,N3WmQyUVg
112,Oriana,Dyott,odyott33@seesaa.net,Female,U65S2EXUB
113,Elston,Lackney,elackney34@bloglines.com,Female,xamzlMrbG
114,Kenon,Teenan,kteenan35@sciencedaily.com,Female,qGLyPhSVd
115,Cristian,Duffyn,cduffyn36@constantcontact.com,Female,RPGlgdJr0id
116,Reuben,Bartkowiak,rbartkowiak37@instagram.com,Male,6eltZE4
117,Vaughan,Shergill,vshergill38@fastcompany.com,Female,zp474HzEc
118,Tedi,Story,tstory39@webmd.com,Female,XXMkAz2
119,Irvin,Fandrich,ifandrich3a@g.co,Female,qn2wLjql
120,Abigail,Webben,awebben3b@over-blog.com,Female,qfbATuSX
121,Amelie,McFetridge,amcfetridge3c@irs.gov,Male,WscsNnaNjPf
122,Pate,Oylett,poylett3d@intel.com,Female,UD3Lioyf
123,Della,Petrovic,dpetrovic3e@plala.or.jp,Female,GGhlKnwyVfN
124,Wit,Stonbridge,wstonbridge3f@java.com,Female,pj13vWekchjT
125,Spense,Porkiss,sporkiss3g@flickr.com,Female,C6xbnsZXV7lb
126,Chloette,Critten,ccritten3h@netlog.com,Male,Dw2CFwwUVtL6
127,Hana,Clemensen,hclemensen3i@ucla.edu,Female,Kf3XCRgx
128,Seymour,Thursby,sthursby3j@blogtalkradio.com,Female,NPPdTzFLPBB
129,Regina,Murrthum,rmurrthum3k@miibeian.gov.cn,Female,YZq3s3I
130,Gerri,Larrett,glarrett3l@umn.edu,Female,dZPFxivfmP1
131,Davey,Nerval,dnerval3m@ihg.com,Male,TzFWCCGKs
132,Sioux,Ratazzi,sratazzi3n@alexa.com,Female,2aka1l
133,Hailee,Porson,hporson3o@vimeo.com,Female,SYzj6CuqDx
134,Amalie,Bilovsky,abilovsky3p@meetup.com,Female,5OwrZj1ot
135,Nicolai,Craigie,ncraigie3q@geocities.jp,Female,bDaOaCWRwdii
136,Mal,Stoate,mstoate3r@angelfire.com,Male,Ys5R5UL5
137,Fiorenze,Stringer,fstringer3s@friendfeed.com,Female,RrN6jJFubu
138,Lacey,MacDonough,lmacdonough3t@ezinearticles.com,Female,YGI8SC99xB3
139,Quintin,Dingivan,qdingivan3u@boston.com,Female,3e6qL0Jz
140,Derrik,Mence,dmence3v@go.com,Female,mR6wbjD3K
141,Leyla,Lisimore,llisimore3w@amazonaws.com,Male,lF6bL6B5W
142,King,Marchello,kmarchello3x@icio.us,Female,ffUhB8z
143,Waite,Alred,walred3y@topsy.com,Female,UVpirIp7R
144,Bertie,Hince,bhince3z@whitehouse.gov,Female,iq1KzoWz
145,Brewster,Greenwood,bgreenwood40@macromedia.com,Female,XE06ubGhUDY0
146,Collete,MacDermid,cmacdermid41@e-recht24.de,Male,51PHP48yEQ
147,Anne,Dryden,adryden42@rakuten.co.jp,Female,9DVT2ZlUzUYH
148,Lucas,Beagen,lbeagen43@over-blog.com,Female,Ia7LrcIs
149,Viole,Ambrosio,vambrosio44@domainmarket.com,Female,Bf4QHqbdT
150,Sibyl,Drayton,sdrayton45@bing.com,Female,qEsUUd
151,Dreddy,Bottle,dbottle46@upenn.edu,Male,OqvT2Wjn
152,Clarabelle,Kornel,ckornel47@ocn.ne.jp,Female,jmVr2BL
153,Gan,Beglin,gbeglin48@un.org,Female,1H34GRlfpMb
154,Terry,Jordanson,tjordanson49@sciencedaily.com,Female,nwIu6xHr
155,Kristo,Leindecker,kleindecker4a@cisco.com,Female,2w9QFH
156,Tessy,Aveyard,taveyard4b@alexa.com,Male,AAHUn17
157,Dall,Reder,dreder4c@fastcompany.com,Female,i7pg6KVW4aTB
158,Yoko,Wimpress,ywimpress4d@bigcartel.com,Female,XDY1uh8lVcQW
159,Carl,Doerffer,cdoerffer4e@shareasale.com,Female,8zUk1TmG0dsP
160,Chester,de Voiels,cdevoiels4f@ovh.net,Female,0F6fGCU285p
161,Pip,Fishbie,pfishbie4g@indiegogo.com,Male,R2CjkrRN5q
162,Daryl,Fishley,dfishley4h@yolasite.com,Female,xY50MW
163,Hanson,Claybourne,hclaybourne4i@smugmug.com,Female,pAVyJGpgW
164,Mace,Detloff,mdetloff4j@uol.com.br,Female,FEfZXTg7o
165,Perkin,Ifill,pifill4k@sun.com,Female,S1NeQzIl8
166,Cacilia,Marran,cmarran4l@yahoo.co.jp,Male,9saQv8
167,Lina,Burker,lburker4m@cbc.ca,Female,OlQ6AmhfLqL0
168,Blinny,Duell,bduell4n@jiathis.com,Female,u7SdJLotMeQb
169,Melantha,Canby,mcanby4o@flavors.me,Female,KciTv2
170,Lemmy,Dabinett,ldabinett4p@usda.gov,Female,04okfy
171,Fairfax,Wilber,fwilber4q@wunderground.com,Male,Is4FfU5En
172,Errick,Rickesies,erickesies4r@senate.gov,Female,iB9bWH0l1n
173,Tanny,Mathivon,tmathivon4s@ning.com,Female,h4cjuCj
174,Kirbee,Mee,kmee4t@google.es,Female,V3ZzIuC
175,Daune,Oldnall,doldnall4u@jimdo.com,Female,LTvHcjW8
176,Desi,Pallin,dpallin4v@va.gov,Male,xwq24QE
177,Clim,Crut,ccrut4w@weather.com,Female,BmfBAvuCort
178,Gustavo,Wagenen,gwagenen4x@lycos.com,Female,7A2NpejX
179,Ethelred,Butland,ebutland4y@flickr.com,Female,Kq3SC0t9
180,Brittni,Borres,bborres4z@squarespace.com,Female,n8fDyaIe
181,Aigneis,Fransseni,afransseni50@mit.edu,Male,co9j4m
182,Suzi,Faherty,sfaherty51@last.fm,Female,hcT6ROusvu
183,Keary,Trench,ktrench52@yandex.ru,Female,FjXCOx
184,Elton,Antill,eantill53@quantcast.com,Female,NqCTPwrz
185,Jeffry,Boc,jboc54@vkontakte.ru,Female,qFnXt8nbj8L
186,Tracie,Blaxter,tblaxter55@nytimes.com,Male,hA4WbqgtRNs
187,Brandea,Pennuzzi,bpennuzzi56@wufoo.com,Female,kFdrrlBgzNj6
188,Shayna,Filpi,sfilpi57@360.cn,Female,nsWYrKHMSOjZ
189,Donny,Catley,dcatley58@blogspot.com,Female,lkIQnh3
190,Rosalie,Banishevitz,rbanishevitz59@blogtalkradio.com,Female,aG7PcG3
191,Carlene,Badder,cbadder5a@slate.com,Male,SFdepFc
192,Sibilla,Wasylkiewicz,swasylkiewicz5b@mayoclinic.com,Female,fGBeEx5Sx6r
193,Donnie,Garwood,dgarwood5c@netvibes.com,Female,FPwgXjP9CXkh
194,Ferrel,Arnaudet,farnaudet5d@shutterfly.com,Female,Xizpr2
195,Edithe,Ratcliff,eratcliff5e@cornell.edu,Female,dVrSC0
196,Bellanca,Macura,bmacura5f@hubpages.com,Male,izDumP8SV
197,Cyndie,Peele,cpeele5g@g.co,Female,65lDGX1
198,Melvin,Mordey,mmordey5h@surveymonkey.com,Female,icZT15agY
199,Cletus,Barock,cbarock5i@economist.com,Female,M2NuQL8
200,Garvey,Presland,gpresland5j@facebook.com,Female,B0nfDRj
201,Drud,Esser,desser5k@discovery.com,Male,15WewOTcHi
202,Brooks,Breward,bbreward5l@istockphoto.com,Female,alVl5ChlT
203,Jermaine,Slatter,jslatter5m@gizmodo.com,Female,MJdAfaG
204,Doretta,Dankov,ddankov5n@usa.gov,Female,hUIqSuR7j
205,Kippy,Beauchamp,kbeauchamp5o@tinyurl.com,Female,SJQoSb0P9SY
206,Gan,Brigham,gbrigham5p@discuz.net,Male,Z3xxgl
207,Beauregard,Spondley,bspondley5q@latimes.com,Female,FdxK1E
208,Joell,Ferrieres,jferrieres5r@weebly.com,Female,GhqcwXuf
209,Ailene,Zorro,azorro5s@cam.ac.uk,Female,NmIt2VH
210,Simmonds,Bullene,sbullene5t@ebay.com,Female,AFgL3FV0i50o
211,Had,de Villier,hdevillier5u@discovery.com,Male,rSMMQC70PpW
212,Rhianon,Delete,rdelete5v@issuu.com,Female,5qVgn1LXTNk
213,Aurlie,O'Callaghan,aocallaghan5w@prlog.org,Female,q9T1zKC2B9z
214,Cleon,Goodlatt,cgoodlatt5x@altervista.org,Female,KRndZTe6
215,Marris,Tomney,mtomney5y@sciencedirect.com,Female,HscB3PJN5jR2
216,Conrad,Ogilvy,cogilvy5z@goo.gl,Male,mTDGya90dM
217,Major,Soots,msoots60@answers.com,Female,RdwnEyeVzdK
218,Lissa,Myles,lmyles61@mozilla.com,Female,k9bUXZS
219,Gaylene,Frankis,gfrankis62@angelfire.com,Female,fQoMjeSJw5n
220,Gerik,Swatheridge,gswatheridge63@elpais.com,Female,TkpmLsSqy
221,Tricia,Karleman,tkarleman64@sphinn.com,Male,wHREcdtMmm
222,Krysta,Mannin,kmannin65@shinystat.com,Female,64Pr4EYUvu
223,Ellen,Moulson,emoulson66@archive.org,Female,2Z8DR9d8Z
224,Malissa,Hannan,mhannan67@sciencedaily.com,Female,OZjK9QPjzSK
225,Papagena,Landreth,plandreth68@harvard.edu,Female,sWs6MJh5H0Tn
226,Cosmo,Marcinkowski,cmarcinkowski69@ameblo.jp,Male,9Ou6XePpt
227,Eugenius,Rodge,erodge6a@ftc.gov,Female,mydgnGvb1D
228,Mikel,Skerrett,mskerrett6b@xing.com,Female,MWjghAOFIf6K
229,Celeste,Stancliffe,cstancliffe6c@washingtonpost.com,Female,CieoGKzE
230,Rad,Bluett,rbluett6d@hud.gov,Female,Ahivvtova
231,Sophey,Arger,sarger6e@slideshare.net,Male,VdOfAlqLNq
232,Lulu,Blouet,lblouet6f@about.com,Female,OCBlyNQNH0
233,Ber,Laurentino,blaurentino6g@altervista.org,Female,DYYCtH
234,Lynn,Esley,lesley6h@tinyurl.com,Female,bOcy3UDtNmKk
235,Olva,Borrow,oborrow6i@360.cn,Female,TOSVaVzxx
236,Glyn,Delafont,gdelafont6j@redcross.org,Male,eSJP5zZDanh8
237,Raymond,Morrant,rmorrant6k@walmart.com,Female,fYhrW8qic
238,Lise,Vannacci,lvannacci6l@blogspot.com,Female,Vm1LUSOLuTR
239,Meryl,Jewes,mjewes6m@posterous.com,Female,EagFT15
240,Bertie,Robet,brobet6n@pcworld.com,Female,UYBFMK6
241,Kayne,Martinello,kmartinello6o@webnode.com,Male,co2ygx
242,Eberhard,Mulbry,emulbry6p@ucsd.edu,Female,LDhR7XD7
243,Nicolas,Jobling,njobling6q@hc360.com,Female,WdXnzv3klJBL
244,Eirena,Sorby,esorby6r@si.edu,Female,0QtZyy2
245,Adolphe,Kornilov,akornilov6s@fc2.com,Female,A5SvO1
246,Agretha,Winney,awinney6t@vk.com,Male,fvrNRzwuE5bV
247,Glen,Le Count,glecount6u@oracle.com,Female,iO8aYlncRr
248,Odille,Cowwell,ocowwell6v@booking.com,Female,JTDN4e
249,Laina,Brosnan,lbrosnan6w@baidu.com,Female,dfBUpUqv4SgU
250,Hailey,Jacobsson,hjacobsson6x@oakley.com,Female,4dfUE1S
251,Keane,Syratt,ksyratt6y@webs.com,Male,wjM2iST
252,Binni,Baldam,bbaldam6z@mozilla.com,Female,TQf0Evm96
253,Brent,Chevers,bchevers70@storify.com,Female,71ojvR3ib
254,Neely,McGonigal,nmcgonigal71@weather.com,Female,xXAtmXRu
255,Moise,Jagger,mjagger72@netvibes.com,Female,zABVyNtJ8M0a
256,Rebecca,Whistlecroft,rwhistlecroft73@clickbank.net,Male,094Q9v4bOnGi
257,Paquito,Surgen,psurgen74@jugem.jp,Female,nuY11wPu
258,Guntar,Kibbel,gkibbel75@wsj.com,Female,bYIcymAYTVj
259,Bobina,Bignall,bbignall76@macromedia.com,Female,95krT1b
260,Jammie,Limer,jlimer77@gravatar.com,Female,SNBMxp
261,Jimmy,Eyres,jeyres78@zimbio.com,Male,qGoNXMW
262,Curcio,Pulley,cpulley79@aol.com,Female,i2VIvEpYz
263,Lowe,Siehard,lsiehard7a@nymag.com,Female,1p1013
264,Piggy,Sunley,psunley7b@earthlink.net,Female,aJu5xAuNkSs4
265,Audry,Howlings,ahowlings7c@hexun.com,Female,984kOIiFZ
266,Ruddie,Pietesch,rpietesch7d@netlog.com,Male,vD0yNJ
267,Husain,Rimbault,hrimbault7e@columbia.edu,Female,lj6jfsTX6
268,Marni,Hambright,mhambright7f@ezinearticles.com,Female,yPGVcabNU
269,Saunder,Wagstaffe,swagstaffe7g@addtoany.com,Female,iogneDxWJieC
270,Kira,Filipychev,kfilipychev7h@merriam-webster.com,Female,6qq0jjM
271,Liane,Schonfeld,lschonfeld7i@prweb.com,Male,ikIxaPgbRH
272,Pierrette,Herrieven,pherrieven7j@myspace.com,Female,OuZlpu7
273,Finn,Duell,fduell7k@shareasale.com,Female,zMuIuBS
274,Margi,Loney,mloney7l@wufoo.com,Female,5wm9FBOn86Ga
275,Filip,Bowmen,fbowmen7m@wp.com,Female,rKOqoPar
276,Stormie,Blenkin,sblenkin7n@comcast.net,Male,1aSTgGEXepI4
277,Noel,Huelin,nhuelin7o@google.com.hk,Female,jlHrcJUEni
278,Devy,Fearnall,dfearnall7p@independent.co.uk,Female,qre3IQTxYd
279,Courtney,Allett,callett7q@dion.ne.jp,Female,oeXa3j2uca2
280,Erek,Skentelbery,eskentelbery7r@fda.gov,Female,jTv1MkCI
281,Daron,Horley,dhorley7s@slate.com,Male,MxG356XFdIL
282,Hadley,Laxtonne,hlaxtonne7t@usatoday.com,Female,X61MuPSzGC3
283,Sibley,Dommersen,sdommersen7u@archive.org,Female,jIR49KKlNcW
284,Jermain,Ingarfield,jingarfield7v@hc360.com,Female,knSY2B
285,Elsbeth,MacMenemy,emacmenemy7w@xinhuanet.com,Female,w7UGuVr6bAu
286,Marianna,Gladden,mgladden7x@quantcast.com,Male,kf386om
287,Roldan,Raistrick,rraistrick7y@elegantthemes.com,Female,WfWT8mmi9k
288,Raven,Studde,rstudde7z@google.ru,Female,9I93W2H
289,Vanya,Gashion,vgashion80@themeforest.net,Female,46lOiAiM
290,Magdalena,Sherrard,msherrard81@state.tx.us,Female,nmu4TKvlqfR
291,Yetty,Maidlow,ymaidlow82@free.fr,Male,5HX2GM
292,Amandie,Jorcke,ajorcke83@usatoday.com,Female,sRS5zaEcv7
293,Eberto,McGurgan,emcgurgan84@sakura.ne.jp,Female,lKNDezWrOQ
294,Franciskus,Jennison,fjennison85@networkadvertising.org,Female,5c6eN1S
295,Nevin,Wodeland,nwodeland86@bizjournals.com,Female,E9mjRex
296,Neille,Janosevic,njanosevic87@youtube.com,Male,ixs14OYXO
297,Cristionna,Orrett,corrett88@odnoklassniki.ru,Female,U78iO9
298,Matthaeus,Debenham,mdebenham89@tamu.edu,Female,IGSpXSXnOxk
299,Madelon,Royste,mroyste8a@columbia.edu,Female,y6okZKYHG
300,Dun,Aymer,daymer8b@people.com.cn,Female,WlFJzHMA9Vzn
301,Barbe,Plail,bplail8c@theatlantic.com,Male,G8xkxt4b0
302,Dominique,Tibalt,dtibalt8d@youtu.be,Female,XjSkPKj
303,Gard,Brereton,gbrereton8e@cornell.edu,Female,44VQRvAAmqB
304,Salli,Blazi,sblazi8f@mac.com,Female,PBaTNuE
305,Ilysa,Aliberti,ialiberti8g@cam.ac.uk,Female,4Vnl4W
306,Devonne,McInility,dmcinility8h@lycos.com,Male,OoasHbkSNmCs
307,Welch,Bathersby,wbathersby8i@soundcloud.com,Female,OK3OMuLZLlW
308,Kevin,Schout,kschout8j@dell.com,Female,y4oWH9M
309,Chrysa,Craghead,ccraghead8k@dropbox.com,Female,UifS2DjF0
310,Koralle,Gyrgorcewicx,kgyrgorcewicx8l@craigslist.org,Female,JlJ8ADY
311,Phillis,Oram,poram8m@europa.eu,Male,kEmxyB
312,Uri,Whenman,uwhenman8n@dropbox.com,Female,g0m7Q2FxOGk
313,Reinhold,Cartmale,rcartmale8o@yahoo.co.jp,Female,W18hYanUZ
314,Margit,Salmon,msalmon8p@netvibes.com,Female,iCMAVv1nhgJ
315,Wallache,Thurley,wthurley8q@over-blog.com,Female,K5GlgrhaT
316,Kris,Treleaven,ktreleaven8r@independent.co.uk,Male,2dw1Comy
317,Torry,Jira,tjira8s@gizmodo.com,Female,lwi9YCkXk
318,Shae,Chase,schase8t@timesonline.co.uk,Female,IZ6gWBjjaJT
319,Clayton,Leynham,cleynham8u@prlog.org,Female,mzlCnWcW
320,Ode,Pavlasek,opavlasek8v@sbwire.com,Female,5pynOs
321,Page,Noseworthy,pnoseworthy8w@mapquest.com,Male,t8fEry
322,Hobard,Czaja,hczaja8x@bloomberg.com,Female,EqewiMDtgI
323,Johnny,Coppeard,jcoppeard8y@google.cn,Female,5NqnljD2qrXw
324,Idalia,Niccols,iniccols8z@alexa.com,Female,tLpu8q
325,Stella,Pagon,spagon90@fda.gov,Female,l1HfCl7sh
326,Margarette,Draijer,mdraijer91@comcast.net,Male,lQ1QB3v02o
327,Godart,Cobden,gcobden92@squarespace.com,Female,qskNtJkK8
328,Joellen,Goreway,jgoreway93@360.cn,Female,36dz4jNs
329,Kennett,Millin,kmillin94@slashdot.org,Female,CqDtdPPjPF9
330,Dorine,Scraney,dscraney95@istockphoto.com,Female,1EUvwiY3
331,Noelani,Kaemena,nkaemena96@cnbc.com,Male,C3uZ96
332,Keeley,Petrou,kpetrou97@yale.edu,Female,GMZBt84PVwrh
333,Alicia,Raddish,araddish98@g.co,Female,GA9u7sAI
334,Joletta,Stollberg,jstollberg99@typepad.com,Female,ujCU9Oea
335,Morlee,Pilbeam,mpilbeam9a@netlog.com,Female,D0Smdwxg4U7y
336,Milicent,Deighan,mdeighan9b@who.int,Male,zPlGUPm
337,Bryana,Legerwood,blegerwood9c@surveymonkey.com,Female,HtbPKrZmr6U
338,Vanni,Thieme,vthieme9d@yelp.com,Female,59YurkRw
339,Gaby,Creggan,gcreggan9e@amazon.co.uk,Female,o6nN8AyXfq9V
340,Curran,Haulkham,chaulkham9f@soup.io,Female,bf8xiE
341,Ewart,Plaid,eplaid9g@yahoo.co.jp,Male,ez9iRO7wvBB
342,Trixi,Ferrelli,tferrelli9h@google.com,Female,XbBYQojJqpkq
343,Jock,Wikey,jwikey9i@biblegateway.com,Female,ZbTJqt
344,Nananne,Finlan,nfinlan9j@oakley.com,Female,pVMsWPRf
345,Arden,Birkbeck,abirkbeck9k@nhs.uk,Female,blqQaP
346,Tobi,Baltzar,tbaltzar9l@shutterfly.com,Male,Vft8wNe2
347,Joya,Cardenosa,jcardenosa9m@paypal.com,Female,IzqWyhorCxVs
348,Care,Jamson,cjamson9n@skyrock.com,Female,I5U4cr
349,Michele,Janczak,mjanczak9o@springer.com,Female,oqUv4uf
350,Lonee,Saxton,lsaxton9p@umn.edu,Female,mAAoreEIX0Lq
351,Sim,Lansley,slansley9q@google.com,Male,gjXCcl
352,Thedric,Pantling,tpantling9r@instagram.com,Female,0ZfDs3DNVZ4
353,Hali,Olney,holney9s@squidoo.com,Female,SS6UiPl
354,Micah,Chance,mchance9t@weather.com,Female,wzHtQPzv
355,Ardra,Staley,astaley9u@amazon.co.jp,Female,cSnwXMgfX
356,Rosaline,Tolwood,rtolwood9v@who.int,Male,J4xaA9
357,Kimmie,McIlvoray,kmcilvoray9w@smh.com.au,Female,4Gnl4pBLR
358,Aksel,Manoch,amanoch9x@umich.edu,Female,1WmKJBrYrC
359,Roxi,Marnes,rmarnes9y@marriott.com,Female,GPnyCNt9dj2
360,Evangelia,Sharpless,esharpless9z@list-manage.com,Female,YfYbaKauOqWr
361,Mariam,Tyt,mtyta0@tmall.com,Male,Zhwxc3nI1j
362,Jarrad,Rodwell,jrodwella1@businessweek.com,Female,0mLwLh4DRRQv
363,Dorree,Hawke,dhawkea2@tumblr.com,Female,nKGKgGIw
364,Bailey,Pallis,bpallisa3@ycombinator.com,Female,xvUZZIH4REz
365,Chickie,Beetham,cbeethama4@netscape.com,Female,sUl7HxYw39
366,Lia,Tokell,ltokella5@nsw.gov.au,Male,NvDmLo
367,Ann,Stainson,astainsona6@cisco.com,Female,WYvdtf
368,Antony,Cleever,acleevera7@arstechnica.com,Female,yg9QlNZYxGC
369,Consuela,Teale,ctealea8@mac.com,Female,Tfi6dJst6
370,Roobbie,Backwell,rbackwella9@odnoklassniki.ru,Female,mLAMZBGHw2UH
371,Moore,Klimkiewich,mklimkiewichaa@nhs.uk,Male,F1MPKmG
372,Minnaminnie,Henrichs,mhenrichsab@drupal.org,Female,LIuOTIUu
373,Shoshanna,Cartmel,scartmelac@go.com,Female,Sel3bxFo
374,Brandy,Annatt,bannattad@harvard.edu,Female,oDBkptBklrep
375,Toby,Gillogley,tgillogleyae@theatlantic.com,Female,51Db87g5DZYa
376,Neel,Donnison,ndonnisonaf@icq.com,Male,vFBKF4O
377,Marybelle,Pranger,mprangerag@godaddy.com,Female,zfHt8e
378,Ermanno,Bartholat,ebartholatah@cafepress.com,Female,CuPSjQ
379,Erastus,Wookey,ewookeyai@dailymotion.com,Female,wvLLPoKfU
380,Archaimbaud,Ansill,aansillaj@google.com.au,Female,UxZwUwrnsuz
381,Nathaniel,Pulbrook,npulbrookak@narod.ru,Male,bTgpKQMdkD
382,Paulita,Rome,promeal@blogspot.com,Female,r0R1Yvq
383,Grantham,de Wilde,gdewildeam@nsw.gov.au,Female,ytaXEP
384,Codee,Dowzell,cdowzellan@answers.com,Female,iPkwQaXWcQ5c
385,Yehudit,Weber,yweberao@aol.com,Female,VxTbhD8VLaal
386,Karlyn,Thackham,kthackhamap@xing.com,Male,E8uDkdWEl
387,Land,Challenor,lchallenoraq@t-online.de,Female,jVBupIkwY
388,Creight,Brodeau,cbrodeauar@yelp.com,Female,2ChcF6lv
389,Abraham,Langmead,alangmeadas@jugem.jp,Female,ahGIUYWJwa
390,Travers,Kibbe,tkibbeat@google.com.hk,Female,Yymh9qnrc4AD
391,Madlen,Narducci,mnarducciau@pinterest.com,Male,thLtLRc
392,Collen,Gibberd,cgibberdav@tumblr.com,Female,5QAivB
393,Sylas,McGaughey,smcgaugheyaw@usa.gov,Female,CSQyD2GXz0CU
394,Mayor,Gannan,mgannanax@latimes.com,Female,bQqmJ9Qjv
395,Kelley,Ash,kashay@ft.com,Female,k4nmcxN42o
396,Randolf,Durgan,rdurganaz@amazon.de,Male,uoSICctt3Jx
397,Layton,Titta,ltittab0@bandcamp.com,Female,RGw9aqdml
398,Job,Carff,jcarffb1@nih.gov,Female,5u43nUaRs2x
399,Tyler,Lambal,tlambalb2@discuz.net,Female,p4bwtEvz
400,Andree,Filipychev,afilipychevb3@toplist.cz,Female,lZCWKYqBuh6m
401,Kristin,Tomenson,ktomensonb4@etsy.com,Male,Nam2maTkH
402,Tobey,Mepsted,tmepstedb5@sohu.com,Female,EosHgqIl3Kp
403,Elyse,Griffin,egriffinb6@fotki.com,Female,GCtYZtXXop
404,Thorny,Minico,tminicob7@mit.edu,Female,DBIjmJId
405,Noami,Dearnley,ndearnleyb8@list-manage.com,Female,K7GxGYr
406,Elset,Casado,ecasadob9@cloudflare.com,Male,opMsJN4do1
407,Lizabeth,Napthine,lnapthineba@omniture.com,Female,vlwoe8t8
408,Dalila,Pollok,dpollokbb@salon.com,Female,fcFncBEx
409,Richy,Westraw,rwestrawbc@histats.com,Female,Oho6cl
410,Rafa,Oliphant,roliphantbd@arizona.edu,Female,Vr8HOACS
411,Elysia,Guerri,eguerribe@pagesperso-orange.fr,Male,SO5nNQujY
412,Olenolin,Hallett,ohallettbf@independent.co.uk,Female,jECxVYx
413,Leodora,Apdell,lapdellbg@phpbb.com,Female,FgP2P5
414,Celestyna,Kearley,ckearleybh@prlog.org,Female,3hJNLhnH2
415,Caroljean,Harrie,charriebi@mysql.com,Female,Uq2R57s
416,Gary,Lawden,glawdenbj@amazon.co.jp,Male,sF39FG
417,Palm,Utterson,puttersonbk@webmd.com,Female,Z7MJzs
418,Adolf,Dottridge,adottridgebl@fc2.com,Female,W04MYfgB
419,Norbie,Droogan,ndrooganbm@cam.ac.uk,Female,cEuZECTsbaL5
420,Vallie,Gummer,vgummerbn@seattletimes.com,Female,ZScX1dig3
421,Alessandra,Schult,aschultbo@intel.com,Male,83rf1NKm
422,Corbet,Fortoun,cfortounbp@google.pl,Female,uwLWvuxVeRs
423,Tibold,Schwandermann,tschwandermannbq@naver.com,Female,ZXHQqQ7QN
424,Brnaba,Dominighi,bdominighibr@alexa.com,Female,GWwXNKoo
425,Ive,Babe,ibabebs@digg.com,Female,Pi9axpw
426,Gnni,Blasetti,gblasettibt@biglobe.ne.jp,Male,D5w9KcBRp
427,Josefina,Crownshaw,jcrownshawbu@auda.org.au,Female,zjezQEGcKEJ
428,Sayre,Rockliffe,srockliffebv@xrea.com,Female,dA3aX9Bq
429,Cchaddie,Kaas,ckaasbw@nhs.uk,Female,8MzaLibyqa
430,Chick,Cowterd,ccowterdbx@youtube.com,Female,TLLf466r77sE
431,Ursala,Corneljes,ucorneljesby@census.gov,Male,pcYoxo3A97
432,Marinna,Teal,mtealbz@apple.com,Female,2Fd4xyLcd3A
433,Traver,Belchambers,tbelchambersc0@google.ru,Female,TeUDdV
434,Britt,Dietzler,bdietzlerc1@mediafire.com,Female,nOL9nzgVWE
435,Lyda,McIlwraith,lmcilwraithc2@chron.com,Female,YnfiWTT2RQ7E
436,Israel,Roskams,iroskamsc3@desdev.cn,Male,SDDsGXR
437,Bobine,Lightbody,blightbodyc4@rambler.ru,Female,wCx4JrU5Rr
438,Pepito,Beardshaw,pbeardshawc5@xinhuanet.com,Female,HkxxSFLd
439,Brietta,Fain,bfainc6@businessweek.com,Female,d8aBlW4X4
440,Banky,Gracey,bgraceyc7@liveinternet.ru,Female,UhjTQ3
441,Filmore,Dranfield,fdranfieldc8@harvard.edu,Male,ZM2RDYRaJ1Uf
442,Jillana,Kubek,jkubekc9@about.com,Female,RZM9g1J
443,Sibylle,Neaves,sneavesca@ibm.com,Female,TEMSdIkK5x
444,Alejandrina,Plaxton,aplaxtoncb@ebay.com,Female,820QkD
445,Pia,Liddel,pliddelcc@alexa.com,Female,kfaug4PUZ8KG
446,Chantalle,Massard,cmassardcd@reddit.com,Male,9tkJqlp
447,Alvinia,Moller,amollerce@mit.edu,Female,opEZ9ha0EO1q
448,Regina,Atte-Stone,rattestonecf@nifty.com,Female,nJLV4r
449,Frasquito,Hegge,fheggecg@who.int,Female,9mYzPSvF4F
450,Lanie,Acland,laclandch@sciencedaily.com,Female,mARe6bOqpl
451,Moss,Danilovich,mdanilovichci@netlog.com,Male,qWTau6l5k
452,Kimberli,Jiru,kjirucj@redcross.org,Female,WdJ5Mbdcvm
453,Giffy,Sarrell,gsarrellck@booking.com,Female,Etobko
454,Ulrick,Welsh,uwelshcl@nymag.com,Female,R2fXEV2ZVbp
455,Hector,Meighan,hmeighancm@ifeng.com,Female,p6OWEH69nG
456,Rogerio,Elton,reltoncn@sun.com,Male,5XsHFxHI
457,Janessa,Gildroy,jgildroyco@spotify.com,Female,7s0KUbs
458,Montague,Simpson,msimpsoncp@harvard.edu,Female,vbjeeXwMxY
459,Karrie,Lisimore,klisimorecq@gov.uk,Female,mP86YF
460,Adamo,Ferraro,aferrarocr@t.co,Female,ER7BimEPTEc
461,Carlene,Bleby,cblebycs@stanford.edu,Male,MHn75mb
462,Erl,Riddell,eriddellct@amazon.com,Female,39Y4y3X
463,Devy,Musgrove,dmusgrovecu@wunderground.com,Female,oR4S0ROUzGq
464,Melvyn,Edison,medisoncv@feedburner.com,Female,LGGRuUH8fJ
465,Estel,Stoaks,estoakscw@over-blog.com,Female,pngF2wExKExC
466,Irma,Drewell,idrewellcx@blogger.com,Male,9neThkne
467,Clotilda,McLinden,cmclindency@phoca.cz,Female,ZGG5e5DwRv
468,Gifford,Eversley,geversleycz@github.com,Female,oS9OJh
469,Richardo,Canlin,rcanlind0@geocities.com,Female,jlnirFyrmbp
470,Randa,Hubatsch,rhubatschd1@senate.gov,Female,peXTthDKjAuF
471,Eva,Collomosse,ecollomossed2@webeden.co.uk,Male,09SRHv
472,Rahal,Kennler,rkennlerd3@skype.com,Female,VyXpxb2IIdg
473,Albert,MacMeanma,amacmeanmad4@economist.com,Female,nCGosR
474,Lorne,Kennady,lkennadyd5@biblegateway.com,Female,oXGThNbyU2
475,Saunderson,Crux,scruxd6@sfgate.com,Female,twrACqBgiLx
476,Rycca,Kieran,rkierand7@youtu.be,Male,w4ayyVDRtpV
477,Rutter,Basant,rbasantd8@flickr.com,Female,clwDS49b23i
478,Caron,Snel,csneld9@google.de,Female,Zfdqh1vvRLrH
479,Ericka,Hymers,ehymersda@pbs.org,Female,qnQhsg5
480,Patricio,Buxcey,pbuxceydb@alexa.com,Female,j399mDt
481,Riki,Tredgold,rtredgolddc@homestead.com,Male,4Z2bg4A
482,Rori,Halfacree,rhalfacreedd@apache.org,Female,p2m8Z9yaF
483,Adiana,Kindley,akindleyde@odnoklassniki.ru,Female,J4ND7S0TD
484,Lynea,Lishman,llishmandf@foxnews.com,Female,ZhdOcCZWYx04
485,Clarinda,Sime,csimedg@bluehost.com,Female,xm8Jwax
486,Cass,I'anson,ciansondh@addthis.com,Male,BTPnK6iCY
487,Nevile,Shay,nshaydi@dropbox.com,Female,zeExeXh
488,Cristionna,Watkinson,cwatkinsondj@flavors.me,Female,C8vq8aQu1
489,Nike,Wheeldon,nwheeldondk@google.it,Female,m5ScH38mF2kn
490,Georgi,Stitcher,gstitcherdl@ow.ly,Female,bwscqxp
491,Ella,Andryszczak,eandryszczakdm@constantcontact.com,Male,WcoCfvBhsD
492,Welsh,Brumfield,wbrumfielddn@xrea.com,Female,w9D5pkzg
493,Gilbertine,Littley,glittleydo@sohu.com,Female,a9OlPjhEPhfG
494,Rosalynd,Hindrick,rhindrickdp@google.co.uk,Female,2MChPKUhQxKT
495,Tate,Birmingham,tbirminghamdq@prweb.com,Female,F26DaajaePZ4
496,Bondon,Dulany,bdulanydr@shop-pro.jp,Male,UToPkVR3DGqO
497,Isabella,Raddon,iraddonds@issuu.com,Female,3wRCAuZo
498,Skyler,Marcum,smarcumdt@nifty.com,Female,5RYw9lze
499,Roi,Rodmell,rrodmelldu@csmonitor.com,Female,z5Qark5bExku
500,Reed,Pecey,rpeceydv@drupal.org,Female,PTCiG2VTpo
501,Morly,Hindshaw,mhindshawdw@webeden.co.uk,Male,0IzcaWW8jwz
502,Selene,Dulanty,sdulantydx@omniture.com,Female,TbcyrXcV5Y
503,Abner,Tuminini,atumininidy@ucoz.ru,Female,6jYUbUyRhP
504,Munroe,Shine,mshinedz@goo.ne.jp,Female,xoadPE4hF6
505,Brigitte,Flagg,bflagge0@who.int,Female,wNrpJe
506,Rubin,Seywood,rseywoode1@alexa.com,Male,SQeqkxkYzXZ
507,Joshuah,Wrench,jwrenche2@wufoo.com,Female,jZnoW3sdU2A5
508,Garald,Wedlock,gwedlocke3@nba.com,Female,ME5yDzST4ysG
509,Alane,Gonet,agonete4@youtube.com,Female,PHDLavZ
510,Luigi,O'Coskerry,locoskerrye5@tuttocitta.it,Female,wduWv9qd
511,Sherri,Dendle,sdendlee6@phpbb.com,Male,kTV6EV1jfE
512,Schuyler,Jacobsz,sjacobsze7@go.com,Female,Epwdf5ZsS
513,Alaine,Gulley,agulleye8@google.nl,Female,28WfXjA64kN
514,Vivien,Kersley,vkersleye9@rakuten.co.jp,Female,sxMjavx2D
515,Fina,Wathell,fwathellea@ocn.ne.jp,Female,zWyUX7
516,Leroy,Yaus,lyauseb@chronoengine.com,Male,kugxq68fkG
517,Kailey,Ragless,kraglessec@usda.gov,Female,UJLnCm
518,Avis,Casey,acaseyed@tiny.cc,Female,J0IUdT1
519,Onofredo,Gomer,ogomeree@google.com.br,Female,xFPvW1dP
520,Helli,Hedgeley,hhedgeleyef@home.pl,Female,p7T0EUGd9
521,Christiane,Pettet,cpetteteg@arstechnica.com,Male,yRXCnn5uBl
522,Devan,Gilsthorpe,dgilsthorpeeh@ucla.edu,Female,BlH4PjvM
523,Charlean,Spears,cspearsei@dell.com,Female,IKJ13A6HdgwC
524,Blair,Treleven,btrelevenej@youtu.be,Female,LNFunIS
525,Erina,Trythall,etrythallek@spiegel.de,Female,UchA4Wi
526,Mufinella,Caban,mcabanel@tamu.edu,Male,WiPlMNZ4aOAQ
527,Farr,Garmon,fgarmonem@omniture.com,Female,ZQnms6tg2v
528,Shae,Childrens,schildrensen@hp.com,Female,ZSk4j62n6aR
529,Marcie,Cheers,mcheerseo@bloglines.com,Female,I54jMBsZE0
530,Wendy,Aitkin,waitkinep@harvard.edu,Female,1sv2OmsMdN
531,Siobhan,Mation,smationeq@bing.com,Male,uK3hYEWMH
532,Odie,Uff,ouffer@sakura.ne.jp,Female,462KJuUd1ej
533,Cristen,Bannerman,cbannermanes@oaic.gov.au,Female,MaSUBNL8dsvs
534,Annabela,Chance,achanceet@purevolume.com,Female,BXcmbO30bUnz
535,Denny,Yelyashev,dyelyasheveu@oakley.com,Female,uNixTtqZarZ
536,Mendy,Aers,maersev@arizona.edu,Male,9vRE1AHQ9Hjx
537,Townie,Aviss,tavissew@chicagotribune.com,Female,o2lLaCVbvx
538,Kenyon,Connold,kconnoldex@scientificamerican.com,Female,QGfPUZpelzYI
539,Cris,Sheen,csheeney@reuters.com,Female,eQQdP1wN2
540,Arley,Bensusan,abensusanez@who.int,Female,6tryYJfXTpf
541,Rowland,Winley,rwinleyf0@xinhuanet.com,Male,zE4sU0YmYg
542,Nathanial,Stolli,nstollif1@upenn.edu,Female,IulhZ9
543,Ernesta,Dowber,edowberf2@twitpic.com,Female,La9HajphJ5ZE
544,Dicky,Janes,djanesf3@irs.gov,Female,8esvVCnDy
545,Desmund,Dorbon,ddorbonf4@symantec.com,Female,stQJazx3
546,Yorgo,Mouser,ymouserf5@blogs.com,Male,rxUZ5sDyG
547,Lalo,Grzelczyk,lgrzelczykf6@newyorker.com,Female,kW4V5d6m
548,Genny,Ioannou,gioannouf7@yale.edu,Female,ewSoTIQ
549,Sammie,Coggles,scogglesf8@springer.com,Female,TtgV10q4
550,Bell,Robben,brobbenf9@issuu.com,Female,1YLEPVflJO
551,Forest,Baines,fbainesfa@hubpages.com,Male,p6LUTqKBZ
552,Erda,Nibloe,enibloefb@nhs.uk,Female,w0QogQ
553,Lory,Vallantine,lvallantinefc@lycos.com,Female,0xNSG1VOg
554,Lexi,Romke,lromkefd@amazon.com,Female,jUXNq5smMES
555,Terrill,Osmint,tosmintfe@bing.com,Female,yUMyywBwNG
556,Dewitt,Nutten,dnuttenff@hc360.com,Male,MOUh1gJ
557,Dame,Nend,dnendfg@alexa.com,Female,ToK3ScuRIt
558,Elvis,Gahan,egahanfh@netvibes.com,Female,Yt55jlq
559,Marlon,Delgado,mdelgadofi@mashable.com,Female,1cO7UYL
560,Christie,Jarrette,cjarrettefj@ask.com,Female,MrGbffb
561,Marna,Marner,mmarnerfk@nationalgeographic.com,Male,Zb0Jxa5z8bj
562,Clarie,Savil,csavilfl@angelfire.com,Female,NOViTTbtMPP
563,Collette,Forri,cforrifm@google.pl,Female,3J6CjcuzLYg
564,Rosemary,Wreiford,rwreifordfn@posterous.com,Female,lzunELQ0ZYe
565,Andres,Kindon,akindonfo@princeton.edu,Female,sunJS3uwOl
566,Staci,Broomhall,sbroomhallfp@google.ca,Male,HGGPOplP
567,Gardie,Pace,gpacefq@nationalgeographic.com,Female,HUcn44OEXUyM
568,Davy,Brammer,dbrammerfr@wikimedia.org,Female,XHxWV94DI3Ud
569,Arnuad,Mounfield,amounfieldfs@blogspot.com,Female,fNNmTLSXnaW
570,Harriet,Blakebrough,hblakebroughft@biblegateway.com,Female,m2g8vQcf5e6
571,Zerk,Nesey,zneseyfu@chron.com,Male,ruOQT8EzJULo
572,Jeralee,Pitone,jpitonefv@mapy.cz,Female,keJhWyr
573,Diandra,Tudge,dtudgefw@alibaba.com,Female,EZcEl8
574,Braden,Saltern,bsalternfx@flavors.me,Female,eQszVe
575,Christie,Ollis,collisfy@businessinsider.com,Female,6GRCHNxx
576,Horton,Gladtbach,hgladtbachfz@ucoz.com,Male,QVAxNcXD4Us
577,Kristos,Asman,kasmang0@earthlink.net,Female,92gJLw2U
578,Auguste,Uwins,auwinsg1@desdev.cn,Female,l3PKJjviQR
579,Stanly,Jakubczyk,sjakubczykg2@rambler.ru,Female,ozaZ6PhoO
580,Jordon,Cotte,jcotteg3@symantec.com,Female,coPj5O
581,Terrye,Fossord,tfossordg4@homestead.com,Male,6Ma6wZr
582,Sascha,Hutchason,shutchasong5@ed.gov,Female,fiyHFvBS
583,Giffer,Adamsson,gadamssong6@cargocollective.com,Female,jRTax4
584,Fleming,Gillinghams,fgillinghamsg7@acquirethisname.com,Female,3BTpmwk
585,Archaimbaud,Hoys,ahoysg8@amazon.de,Female,fl5sAThVO
586,Carmine,Dabourne,cdabourneg9@home.pl,Male,bs7nCw
587,Garret,Gumme,ggummega@shinystat.com,Female,AoDEh26U0
588,Zoe,Redgrove,zredgrovegb@alexa.com,Female,nzLUvtJ7V
589,Vyky,Samms,vsammsgc@stanford.edu,Female,YEu1aFE
590,Gillie,Nobles,gnoblesgd@paypal.com,Female,mOggNk2
591,Catina,Murford,cmurfordge@1688.com,Male,xdgVx87r5p0
592,Norry,Vogeller,nvogellergf@berkeley.edu,Female,v5nQCKxtfL
593,Emilee,McCooke,emccookegg@joomla.org,Female,2yQdGSo
594,Bennie,Cowpe,bcowpegh@statcounter.com,Female,YFlDNUM
595,Nicholle,Giblin,ngiblingi@fda.gov,Female,HvUwLK
596,Wallas,Peschmann,wpeschmanngj@weather.com,Male,rqxfe4P12
597,Jase,Giraudel,jgiraudelgk@usatoday.com,Female,uFQLB0mamF
598,Blanca,Fawke,bfawkegl@clickbank.net,Female,vtGvWGXoN0
599,Shelton,Knox,sknoxgm@miibeian.gov.cn,Female,EIGsAm
600,Robena,Cheer,rcheergn@europa.eu,Female,1AYAGqux0x1p
601,Aldus,Grishunin,agrishuningo@apache.org,Male,Laz8a9UTIXW
602,Tris,Crebott,tcrebottgp@pcworld.com,Female,IWqqcqj
603,Kellina,Witherby,kwitherbygq@home.pl,Female,O0BSwQeweo
604,Roddy,Langworthy,rlangworthygr@mit.edu,Female,zUSlYkw
605,Arnoldo,Najafian,anajafiangs@mayoclinic.com,Female,tjs7eVsYavC
606,Marybeth,Ebdin,mebdingt@scribd.com,Male,CX53vP
607,Dina,Headon,dheadongu@oracle.com,Female,XqBsxqkzj
608,Aldwin,Skitch,askitchgv@ftc.gov,Female,EMASQOFkS
609,Chloette,Ferrieri,cferrierigw@netlog.com,Female,rRJYmvMJSZ2Y
610,Nan,Moorrud,nmoorrudgx@google.com.br,Female,uBw6nF
611,Ginnie,Keggins,gkegginsgy@smh.com.au,Male,U3zSdxuqb
612,Peri,Godson,pgodsongz@mysql.com,Female,rxBElowE
613,Patty,Storms,pstormsh0@hp.com,Female,Mt5mFG3Npi
614,Melessa,Fidge,mfidgeh1@mit.edu,Female,P26feFlf6
615,Malchy,Presnall,mpresnallh2@biglobe.ne.jp,Female,tefl9n5cr
616,Kaja,Esland,keslandh3@latimes.com,Male,4pAjX6
617,Gery,Kubasiewicz,gkubasiewiczh4@1und1.de,Female,cAxJWCeYccjH
618,Raimondo,Dallicott,rdallicotth5@dmoz.org,Female,LGx24I
619,Parnell,Allmark,pallmarkh6@state.gov,Female,jUl6es1boUX
620,Christalle,Layzell,clayzellh7@soundcloud.com,Female,9LPMDRSH4
621,Shea,McPhater,smcphaterh8@dagondesign.com,Male,aupTaCL
622,Teresita,Scocroft,tscocrofth9@usgs.gov,Female,stSrwhm
623,Karry,Poppleton,kpoppletonha@usatoday.com,Female,CrUX8Xceg
624,Sibby,Eleshenar,seleshenarhb@google.nl,Female,pZeStWNQ2
625,Tory,Snaden,tsnadenhc@google.nl,Female,xdolKlL2
626,Lauri,Gerrets,lgerretshd@illinois.edu,Male,IiF3Om3gom
627,Darryl,Kyndred,dkyndredhe@blogger.com,Female,H7ZSR6zs3
628,Joella,Casaccia,jcasacciahf@oaic.gov.au,Female,G9myPrDyWGx
629,Brade,Tallant,btallanthg@globo.com,Female,yXWAEt7
630,Clarence,Shackell,cshackellhh@wikia.com,Female,1rNTIX
631,Rip,Beneteau,rbeneteauhi@oracle.com,Male,ZfRqhilo
632,Selma,de Villier,sdevillierhj@pcworld.com,Female,Ck2yAi
633,Gav,Vaskov,gvaskovhk@4shared.com,Female,xLoZf20Awh
634,Tabitha,Surpliss,tsurplisshl@wunderground.com,Female,XYS2dLpIl1e
635,Yasmin,Bettesworth,ybettesworthhm@webmd.com,Female,34yDbfk7JHJ
636,Davina,Esberger,desbergerhn@dion.ne.jp,Male,25zcCB
637,Anjela,Benzies,abenziesho@cdbaby.com,Female,wkvVv2MHqL
638,Minette,McInally,mmcinallyhp@desdev.cn,Female,QvEVCB
639,Edik,Seak,eseakhq@psu.edu,Female,EYslvZNpn
640,Marwin,Petrasso,mpetrassohr@telegraph.co.uk,Female,FEXdp3xDiMpp
641,Andie,Hapgood,ahapgoodhs@boston.com,Male,qqbMy9R
642,Reynolds,Ratie,rratieht@mapy.cz,Female,bpePIlUs
643,Alaric,MacLaughlin,amaclaughlinhu@cam.ac.uk,Female,WDCd68HJ9ls
644,Toma,Edridge,tedridgehv@deliciousdays.com,Female,Bd4eyTRhkxf
645,Fedora,Antusch,fantuschhw@comsenz.com,Female,yflkQcV6
646,Arlana,Merrywether,amerrywetherhx@freewebs.com,Male,1qvWutdKGJ9l
647,Stanley,Brumpton,sbrumptonhy@ask.com,Female,pwknFCdb
648,Lizbeth,Siney,lsineyhz@qq.com,Female,4PtWvxcB
649,Dalis,Handrik,dhandriki0@constantcontact.com,Female,p8Gng8s1e9
650,Abra,Diack,adiacki1@virginia.edu,Female,SHbTMPx
651,Germana,Trenholme,gtrenholmei2@cornell.edu,Male,VYqNXQOfyS4w
652,Caesar,Fairman,cfairmani3@sourceforge.net,Female,VG0EMU
653,Ted,Berry,tberryi4@webeden.co.uk,Female,UiHNst
654,Chilton,Rate,cratei5@sphinn.com,Female,E0InHUszv
655,Cloe,Brightie,cbrightiei6@unblog.fr,Female,zWuUYJ7
656,Joanie,Feathersby,jfeathersbyi7@economist.com,Male,tV3pp7GHHxGh
657,Ofella,McComish,omccomishi8@goo.ne.jp,Female,gy8OCJ
658,Ceil,Snipe,csnipei9@posterous.com,Female,upQBIQ
659,Wilbert,Jarman,wjarmania@twitter.com,Female,RuGjPwXZDXdF
660,Franny,Limb,flimbib@jalbum.net,Female,g5uuwHlgVqeJ
661,Coriss,Brinsden,cbrinsdenic@addthis.com,Male,cm0fEP9L
662,Nyssa,Stockall,nstockallid@mit.edu,Female,S0fNSsBGYMde
663,Cornie,Kinleyside,ckinleysideie@arstechnica.com,Female,V8XxbXs
664,Bjorn,Mehaffey,bmehaffeyif@privacy.gov.au,Female,KFo2ZF
665,Silvie,Gammett,sgammettig@umich.edu,Female,cdNSjIVdg
666,Enrico,Brockhouse,ebrockhouseih@wired.com,Male,srOtmKF
667,Bren,Watkin,bwatkinii@so-net.ne.jp,Female,4Qs1XXFL8nbc
668,Ros,Poletto,rpolettoij@ehow.com,Female,Euqse45
669,Daphna,Brassington,dbrassingtonik@nsw.gov.au,Female,xruGo3h6hY
670,Field,Steaning,fsteaningil@timesonline.co.uk,Female,oy5CECXItk
671,Brunhilda,Lerway,blerwayim@desdev.cn,Male,ehks9G8
672,Jefferson,Wymer,jwymerin@ocn.ne.jp,Female,STiixKeeq
673,Jarid,Blackleech,jblackleechio@paginegialle.it,Female,tiVWkJKHdPO
674,Stevie,Czadla,sczadlaip@ask.com,Female,J1wZ8gG
675,Norman,Fogarty,nfogartyiq@prnewswire.com,Female,VE2Ll7Or2
676,Mirabelle,Balas,mbalasir@ihg.com,Male,vUdtYO0YIah5
677,Rudiger,Dowsing,rdowsingis@rediff.com,Female,Y9LmRKC
678,Bran,Bearward,bbearwardit@geocities.jp,Female,iSBilbBbilbf
679,Farrel,Thickins,fthickinsiu@hexun.com,Female,H1qmEqDJE9
680,Cash,Plaunch,cplaunchiv@goodreads.com,Female,BAMpA42BXYoH
681,Saul,Drennan,sdrennaniw@ted.com,Male,HsidxzqG6hS
682,Dorian,Piesing,dpiesingix@geocities.jp,Female,1S0AFL
683,Viola,Pengelly,vpengellyiy@nba.com,Female,En9W74MH
684,Jose,Clackers,jclackersiz@netlog.com,Female,ScwtycE
685,Dall,Nodin,dnodinj0@qq.com,Female,qyPmXZlGkiU
686,Cami,Tash,ctashj1@state.tx.us,Male,mZxINUi
687,Cosmo,Fennessy,cfennessyj2@squarespace.com,Female,EJUbLP2RvOfg
688,Ethelyn,Dainty,edaintyj3@utexas.edu,Female,QXRBDQP3l1V8
689,Ernie,Monger,emongerj4@theatlantic.com,Female,YzjWkm0j
690,Edyth,Kightly,ekightlyj5@ed.gov,Female,775NX2KLXX
691,Cinda,Mechic,cmechicj6@multiply.com,Male,hGZnCF6
692,Chloris,Skupinski,cskupinskij7@fotki.com,Female,tZHIRe1Kv
693,Jemima,Castaneda,jcastanedaj8@irs.gov,Female,JUNjIH
694,Mordecai,Dunston,mdunstonj9@wordpress.com,Female,YmUw9WPtx6
695,Wye,Farren,wfarrenja@apache.org,Female,bCvr3yQ
696,Brinn,Dunster,bdunsterjb@nifty.com,Male,Bro9eP
697,Tracy,Licciardello,tlicciardellojc@rambler.ru,Female,o19moO1jcN
698,Charmion,Leopard,cleopardjd@hugedomains.com,Female,6AQRiss6SAw3
699,Vernen,Corzor,vcorzorje@adobe.com,Female,z1kncV
700,Kenneth,Mayhead,kmayheadjf@dagondesign.com,Female,yNRM8SKdidCP
701,Hedvige,Snelle,hsnellejg@yellowpages.com,Male,QQdsoy8Z
702,Yolanthe,Saxton,ysaxtonjh@sun.com,Female,yvvNZATWAi
703,Star,O'Hannigan,sohanniganji@cdc.gov,Female,VrwZYfWYE
704,Drusie,Ransbury,dransburyjj@reuters.com,Female,0vunPcw9zBoU
705,Pammi,Paeckmeyer,ppaeckmeyerjk@craigslist.org,Female,Ydcqta
706,Zabrina,Toffolo,ztoffolojl@pen.io,Male,i1ZOyxMe1
707,Tades,Pincott,tpincottjm@barnesandnoble.com,Female,7GCA2e9v7rG
708,Denney,Gasnell,dgasnelljn@xing.com,Female,IFDcNSvxNx
709,Any,Broadwell,abroadwelljo@theguardian.com,Female,MiKjnqAoS
710,Jorrie,Arbuckel,jarbuckeljp@nydailynews.com,Female,igtTn4hlXoUn
711,Elane,Bettam,ebettamjq@europa.eu,Male,dMUtoAd
712,Editha,Beeres,ebeeresjr@free.fr,Female,szODSNGyX1m
713,Emanuele,Tregea,etregeajs@delicious.com,Female,hf2bhmU3xz
714,Gelya,McGray,gmcgrayjt@slate.com,Female,PtNAmSPac
715,Agata,Fernandes,afernandesju@seesaa.net,Female,o8KBC3VBUF
716,Rhody,Jenken,rjenkenjv@weebly.com,Male,RSlT2xtvV
717,Ole,McQuillen,omcquillenjw@wunderground.com,Female,KCo1pQMyO
718,Henriette,Hornbuckle,hhornbucklejx@phoca.cz,Female,vYolifFD
719,Trever,Dedon,tdedonjy@icq.com,Female,W7bw1Y
720,Sonnie,Caddens,scaddensjz@wordpress.org,Female,zkikQES
721,Sig,McGurk,smcgurkk0@wisc.edu,Male,dcOZA5Xeni
722,Justina,Poulson,jpoulsonk1@discuz.net,Female,dEfwzOlO
723,Blondell,Mowsdale,bmowsdalek2@ibm.com,Female,pFtU1ghkBoiT
724,Roma,Boyat,rboyatk3@examiner.com,Female,ye5OVz6O
725,Powell,Ivanilov,pivanilovk4@phpbb.com,Female,J8YqvjWe
726,Teddy,Solano,tsolanok5@t-online.de,Male,SvjdDmA1
727,Corine,Hawton,chawtonk6@myspace.com,Female,UueGU13uF5
728,Mag,Hamley,mhamleyk7@youtu.be,Female,ImmHtqJ1SPL
729,Gideon,Mordue,gmorduek8@arizona.edu,Female,APRRGHo
730,Jae,Ciardo,jciardok9@epa.gov,Female,MTG6AwLenbL9
731,Curran,Dammarell,cdammarellka@epa.gov,Male,qV7MnICm6p
732,Robb,Donovan,rdonovankb@npr.org,Female,FMtwNEqd
733,Ambros,Minguet,aminguetkc@elpais.com,Female,EWp6sRGV4
734,Dominique,Stife,dstifekd@usa.gov,Female,vmzc1IgnPBy
735,Hildagard,Hullot,hhullotke@nbcnews.com,Female,99eFGEz3
736,Alayne,Selman,aselmankf@google.de,Male,l7gIBk
737,Daffie,Binne,dbinnekg@skype.com,Female,3cFvcL
738,Ellerey,Scullard,escullardkh@weibo.com,Female,NYpTRKcVDILe
739,Wallie,Gardner,wgardnerki@illinois.edu,Female,huwW2Wu9
740,Massimiliano,Flarity,mflaritykj@oaic.gov.au,Female,CwrYkX
741,Juditha,Stanyan,jstanyankk@i2i.jp,Male,wBPl8DN
742,Wendie,Tilling,wtillingkl@1und1.de,Female,wOGpgDbsd5
743,Esme,Jursch,ejurschkm@biglobe.ne.jp,Female,cGG6RIEx27D
744,Astrid,Curnnok,acurnnokkn@amazon.co.uk,Female,tzGNhLAWkHlz
745,Inna,Iacovucci,iiacovucciko@alibaba.com,Female,AlEzjDMEj2v
746,Web,Hearns,whearnskp@photobucket.com,Male,yOwpuSOeATJ
747,Aigneis,Deare,adearekq@vkontakte.ru,Female,E6GluOWh
748,Jo,Quilliam,jquilliamkr@mlb.com,Female,dRcGiOPOg
749,Roldan,McVie,rmcvieks@oakley.com,Female,EqL2NtD
750,Jennee,Dreigher,jdreigherkt@squarespace.com,Female,626aRODWMr
751,Mathias,Boon,mboonku@amazon.de,Male,F76sM6igHeVf
752,Steffie,Frodsham,sfrodshamkv@examiner.com,Female,yE4ERm
753,Sandy,Baribal,sbaribalkw@elegantthemes.com,Female,s919LWLMK
754,Lolly,Durgan,ldurgankx@mlb.com,Female,OIyu0JA
755,Claudianus,Kildahl,ckildahlky@engadget.com,Female,asZ287yK
756,Bernadette,Le Gall,blegallkz@aol.com,Male,zGi1kWrNaW
757,Colas,Sindall,csindalll0@yahoo.com,Female,MB0fOrFU6i
758,Darya,Shird,dshirdl1@un.org,Female,M09Flao
759,Clevey,Tabor,ctaborl2@si.edu,Female,aecdb9H5
760,Antoni,Mulderrig,amulderrigl3@mayoclinic.com,Female,d0AgUMk
761,Lilah,Frogley,lfrogleyl4@buzzfeed.com,Male,kawM4m4qBEg
762,Fanechka,Chestney,fchestneyl5@geocities.jp,Female,XOreh0YQo
763,Susanetta,Tilson,stilsonl6@g.co,Female,QCDjdARUvh
764,Trefor,Lucey,tluceyl7@salon.com,Female,VLuoBKFg
765,Baxie,Ege,begel8@mapquest.com,Female,M8JslWyU7v
766,Alma,Graser,agraserl9@hao123.com,Male,jyUj87Gt
767,Paulie,McAvey,pmcaveyla@youtu.be,Female,euEBmx09
768,Marcella,Gozzard,mgozzardlb@cocolog-nifty.com,Female,pBVkLV
769,Tybalt,Binns,tbinnslc@storify.com,Female,gtPuGZkEr
770,Lorry,Milley,lmilleyld@blogger.com,Female,VS1eqBMOS
771,Johnnie,Arnison,jarnisonle@nationalgeographic.com,Male,JuSEIQcp2MuW
772,Allie,Bengle,abenglelf@google.com.hk,Female,39kMGG
773,Larina,Cuvley,lcuvleylg@narod.ru,Female,R9wXIV
774,Gretta,MacNeilage,gmacneilagelh@tiny.cc,Female,gOxkUp4o
775,Sol,McNysche,smcnyscheli@engadget.com,Female,e3HJEscHSi
776,Letti,Danniel,ldanniellj@altervista.org,Male,JqPHBbbVAoR
777,Lulita,Sandell,lsandelllk@tuttocitta.it,Female,JCB0JRcBT
778,Randal,Bragge,rbraggell@yahoo.co.jp,Female,ID6KtG0FwYx
779,Riccardo,Ruttgers,rruttgerslm@comsenz.com,Female,SXCFBfdLhH
780,Cathryn,Josipovitz,cjosipovitzln@scientificamerican.com,Female,Zjvg9cO4DcUx
781,Alene,Faraker,afarakerlo@wisc.edu,Male,1Cuh1h
782,Georgianna,Deners,gdenerslp@geocities.com,Female,Es4goQ3
783,Dedra,Scotchforth,dscotchforthlq@opensource.org,Female,cKcwaPj
784,Rhett,O'Halloran,rohalloranlr@hostgator.com,Female,6HeJC2c0
785,Brenden,McKay,bmckayls@nifty.com,Female,c7qKPSGHaV
786,Moss,Enrigo,menrigolt@cornell.edu,Male,N46YYfYqh
787,Karee,Dodman,kdodmanlu@1und1.de,Female,mn345P3K
788,Hirsch,Rontsch,hrontschlv@bing.com,Female,iCjGUi3rb
789,Waldemar,Lemonnier,wlemonnierlw@ihg.com,Female,NocYymEnnP
790,Reg,Thurlborn,rthurlbornlx@feedburner.com,Female,NpJLw6yznDKz
791,Phyllys,Kaminski,pkaminskily@baidu.com,Male,21lYQHMKQrJ
792,Ben,Kiffe,bkiffelz@omniture.com,Female,nkBOkfZ3
793,Stephani,Cocci,scoccim0@phpbb.com,Female,oVm6UoBNa
794,Claire,Cullinane,ccullinanem1@yellowpages.com,Female,UbrzbXABCr
795,Lindsey,Eyckelberg,leyckelbergm2@businessinsider.com,Female,CLmtTu1
796,Johnny,Watkins,jwatkinsm3@4shared.com,Male,jJBM1o
797,Godiva,Wink,gwinkm4@blogger.com,Female,2wPpJQSCH
798,Nikolaos,Sheilds,nsheildsm5@flickr.com,Female,RDTePehW1I
799,Drucie,Goodlud,dgoodludm6@hostgator.com,Female,qC444g6
800,Rosemary,Urion,rurionm7@techcrunch.com,Female,ht4ivx
801,Ellis,McMurtyr,emcmurtyrm8@unc.edu,Male,JyrFrKO
802,Marlee,MacMaykin,mmacmaykinm9@tiny.cc,Female,k6AlII
803,Margret,Cawt,mcawtma@spotify.com,Female,LFKRe4TVy
804,Tad,Skeels,tskeelsmb@hp.com,Female,uRiiYIP
805,Suellen,Friman,sfrimanmc@blogger.com,Female,rKWQImpOA9E
806,Marysa,Bragginton,mbraggintonmd@etsy.com,Male,n3kBTHbh
807,Bron,Petegrew,bpetegrewme@usda.gov,Female,w0pwuuXb2ZwN
808,Fifine,Drogan,fdroganmf@ucsd.edu,Female,zq3oJ9
809,Elroy,Warden,ewardenmg@independent.co.uk,Female,LOmggMcgY
810,Galvan,Pescott,gpescottmh@live.com,Female,Yoyhafb
811,Lizette,English,lenglishmi@wikia.com,Male,zLf1LSp4LQT
812,Courtney,Gaule,cgaulemj@craigslist.org,Female,rPurUQeLStPE
813,Donetta,Gave,dgavemk@webnode.com,Female,mZHmA0jF1am
814,Townsend,Lightfoot,tlightfootml@ucoz.ru,Female,gOB3ePGwJ6si
815,Goldie,Aksell,gaksellmm@imgur.com,Female,Pddxt70Y
816,Alon,Gayter,agaytermn@house.gov,Male,OtINKN6
817,Ashly,Timewell,atimewellmo@reuters.com,Female,W0WSCiT
818,Chiquita,Prew,cprewmp@spiegel.de,Female,GEZGHsD
819,Hercules,McVie,hmcviemq@nymag.com,Female,IsgqRtZyp1kn
820,Lenci,Pagin,lpaginmr@google.com,Female,lH4bXcriB0
821,Reube,Faunch,rfaunchms@webmd.com,Male,nP32DcyFG
822,Jaimie,Haskey,jhaskeymt@xing.com,Female,ZDM27uu
823,Bari,Itter,bittermu@netvibes.com,Female,wfBcS77Rj
824,Arney,Seaman,aseamanmv@si.edu,Female,gxC9NVEaq0cC
825,Emilio,Cogzell,ecogzellmw@parallels.com,Female,PjAJa9
826,Noble,Schirak,nschirakmx@toplist.cz,Male,aKn8kxPq
827,Kathryn,Mallindine,kmallindinemy@vkontakte.ru,Female,xT91hjRNmvDf
828,Benny,Haseman,bhasemanmz@t-online.de,Female,Xkk6Adb
829,Krystle,Dobrowlski,kdobrowlskin0@weather.com,Female,JiOJ6xLY
830,Star,Briztman,sbriztmann1@blogspot.com,Female,q4LjgXs
831,Nickie,Sterrick,nsterrickn2@globo.com,Male,yFcOs5r
832,Marcy,Rawlings,mrawlingsn3@privacy.gov.au,Female,nvRlzd54
833,Latashia,Cuniffe,lcuniffen4@digg.com,Female,VSNx4zR
834,Gabriellia,Burry,gburryn5@pagesperso-orange.fr,Female,vLVSPT
835,Thaxter,Kittles,tkittlesn6@virginia.edu,Female,LZriW3b3G3lH
836,Terra,Murtell,tmurtelln7@tripadvisor.com,Male,YK3lQzvrM
837,Galven,McDonand,gmcdonandn8@mit.edu,Female,7l5dYSzOvwZ
838,Lelah,Myrkus,lmyrkusn9@thetimes.co.uk,Female,9tIOQZ
839,Augustin,Fermor,afermorna@lycos.com,Female,jMqNuPgbEZc
840,Rowen,McLardie,rmclardienb@merriam-webster.com,Female,aX9yZsYuUsI
841,Odo,Chamberlain,ochamberlainnc@mashable.com,Male,RwW0H7dXWB
842,Chev,Spaight,cspaightnd@addthis.com,Female,YjbBTUGcxKgN
843,Genny,Gallie,ggalliene@hibu.com,Female,te1hxNOnz
844,Francois,Bebis,fbebisnf@yolasite.com,Female,1RL24bbsFso
845,Sly,Beggi,sbegging@hubpages.com,Female,zQYindvXm
846,Marchall,Legh,mleghnh@japanpost.jp,Male,bUGPM494c
847,Josselyn,Shinn,jshinnni@meetup.com,Female,SduJsADk
848,Morganica,Bilbery,mbilberynj@1688.com,Female,lj7p5xp
849,Jobi,Benedict,jbenedictnk@wikispaces.com,Female,rtzQY2f
850,Bond,Kollatsch,bkollatschnl@mlb.com,Female,xbMepLYdM
851,Angelica,Larimer,alarimernm@merriam-webster.com,Male,aLzuitZ
852,Leese,Felix,lfelixnn@issuu.com,Female,5zMMamx
853,Dorie,Hastler,dhastlerno@sitemeter.com,Female,jNZsphFT
854,Cal,Lyons,clyonsnp@latimes.com,Female,CG3F9aC
855,Micky,Seneschal,mseneschalnq@t.co,Female,1yskfHk
856,Lorenzo,Edgworth,ledgworthnr@mail.ru,Male,3RUtoQDOV
857,Laural,Cornewall,lcornewallns@princeton.edu,Female,kRDTvpoX
858,Tessa,Bosley,tbosleynt@tumblr.com,Female,FJYe3d
859,Isis,Matthieson,imatthiesonnu@liveinternet.ru,Female,gOrieV2ZGDg
860,Archaimbaud,Jee,ajeenv@t-online.de,Female,mQPWLQWzl
861,Crichton,Malyj,cmalyjnw@sphinn.com,Male,vBgYLe7Aa
862,Selle,Oxer,soxernx@about.me,Female,ZGRQxkZj3F
863,Krystal,Risborough,krisboroughny@hexun.com,Female,RCy56EMts27p
864,Sloan,Nail,snailnz@weebly.com,Female,rHWjJytvb6Hz
865,Chrissie,Chatin,cchatino0@wufoo.com,Female,FbKrJ5
866,Niki,Bywater,nbywatero1@latimes.com,Male,rOAMT135uz
867,Audrye,Townrow,atownrowo2@merriam-webster.com,Female,dQB0QVBaHuH
868,Ilka,Manuelli,imanuellio3@vk.com,Female,3RqMgK1IrAr
869,Dav,Pierro,dpierroo4@java.com,Female,O6DBdngSID
870,Darby,Willoughey,dwillougheyo5@discuz.net,Female,SjRR7GdN
871,Belita,Reasce,breasceo6@cpanel.net,Male,nHePur8mJu
872,Kailey,Bainbridge,kbainbridgeo7@gravatar.com,Female,jZ3Q3B
873,Lethia,Matkovic,lmatkovico8@pcworld.com,Female,KeJ5La6
874,Klarrisa,Haile,khaileo9@psu.edu,Female,zip41hBS
875,Howie,Donohoe,hdonohoeoa@clickbank.net,Female,qpnKQUq
876,Taddeo,Denis,tdenisob@usnews.com,Male,g9gfZH9
877,Cleve,Caudelier,ccaudelieroc@jalbum.net,Female,ZJantX
878,Inessa,Chapelhow,ichapelhowod@drupal.org,Female,Gr3ea5ls8k
879,Aylmer,Toupe,atoupeoe@netscape.com,Female,zGb4Pi33CcX7
880,Wallis,Addinall,waddinallof@tmall.com,Female,cLeqmzIFo
881,Linet,McLinden,lmclindenog@nature.com,Male,CKg3ZUh7
882,Nigel,Van der Mark,nvandermarkoh@t.co,Female,IZUSfnV5iSGp
883,Betti,Marrison,bmarrisonoi@discuz.net,Female,GQXltW
884,Arlyne,Blyde,ablydeoj@toplist.cz,Female,5dPI3sVs
885,Gavin,Mardoll,gmardollok@google.ca,Female,m7VdGkmp9sSW
886,Simeon,Staddom,sstaddomol@purevolume.com,Male,u65y9ckJ1Ij0
887,Gwyn,Lansly,glanslyom@wsj.com,Female,RFJZJUDvF9z
888,Roselia,Louth,rlouthon@springer.com,Female,lQT1omBYp0
889,Linell,Whitcomb,lwhitcomboo@wordpress.org,Female,KQOjmvc7fm
890,Theresa,Brucker,tbruckerop@webnode.com,Female,A4Bm6d3U0ZNr
891,Iormina,Vedenichev,ivedenichevoq@tamu.edu,Male,rEEFoHFHLv
892,Ashton,Foister,afoisteror@vistaprint.com,Female,PhtLi12
893,Franzen,Gillions,fgillionsos@cbslocal.com,Female,MZ9noiaxZ
894,Ellary,Izchaki,eizchakiot@hibu.com,Female,hkcQl2
895,Montgomery,Ivannikov,mivannikovou@hao123.com,Female,hTxk2GsG
896,Catherine,Hamlin,chamlinov@home.pl,Male,2xaLwiLxk9
897,Karlan,Sandbrook,ksandbrookow@fastcompany.com,Female,m841mv
898,Tammie,Duchant,tduchantox@mail.ru,Female,VN3QzD4fTDj9
899,Torrey,Hallex,thallexoy@icq.com,Female,p7Vg9GGVrMBp
900,Delbert,Beckinsall,dbeckinsalloz@marriott.com,Female,OewE0cOcV97
901,Isaac,Fores,iforesp0@nationalgeographic.com,Male,XhPojDh2laJ
902,Billie,Matterdace,bmatterdacep1@msu.edu,Female,DPUswedcibf1
903,Maurine,Oakly,moaklyp2@drupal.org,Female,hxALzAw
904,Jade,Piller,jpillerp3@youtube.com,Female,hZsKfTzC
905,Annmaria,Glasscoe,aglasscoep4@wikispaces.com,Female,L5rKPE5zf
906,Matthaeus,Orgee,morgeep5@omniture.com,Male,SzEdEK8Z9q
907,George,Pibworth,gpibworthp6@storify.com,Female,UcrG1n
908,Kattie,St. Louis,kstlouisp7@ameblo.jp,Female,B3AZ48
909,Skippie,Gunther,sguntherp8@mapy.cz,Female,4g9cpv
910,Kimmie,Lalonde,klalondep9@addtoany.com,Female,KHAZfQ
911,Dexter,Storch,dstorchpa@census.gov,Male,royHtAdI
912,Shani,Lofty,sloftypb@rambler.ru,Female,7tmynud
913,Amber,Philpault,aphilpaultpc@go.com,Female,4EucKqZW
914,Lonnard,Delatour,ldelatourpd@amazonaws.com,Female,C4GfINMXFmf5
915,Rhetta,Crosston,rcrosstonpe@cornell.edu,Female,xHuSFfiKGhz
916,Kathie,Rousby,krousbypf@github.com,Male,r29cC4peNkg
917,Darsey,Bohey,dboheypg@theglobeandmail.com,Female,EZ1q9J1aq
918,Maximilianus,De Simoni,mdesimoniph@toplist.cz,Female,DH9xDpNFi
919,Preston,Woolvin,pwoolvinpi@guardian.co.uk,Female,2YKQYCH
920,Roman,Macon,rmaconpj@liveinternet.ru,Female,f8E9HJKxXnJV
921,Dwight,McCready,dmccreadypk@census.gov,Male,VhQVcnNTnO
922,Emmery,Spennock,espennockpl@google.com.au,Female,5o0ItszQUVI
923,Gertrudis,Duckwith,gduckwithpm@indiegogo.com,Female,A9crSqfs
924,Kippy,Handke,khandkepn@facebook.com,Female,7DG6rx
925,Rand,McEnteggart,rmcenteggartpo@infoseek.co.jp,Female,ZkdC6h
926,Bell,Ipwell,bipwellpp@naver.com,Male,SiGSaq2
927,Dorey,Le Fleming,dleflemingpq@sogou.com,Female,RiImOe9d5
928,Aldridge,Pearn,apearnpr@bizjournals.com,Female,gnS6YXji5
929,Gan,Gillino,ggillinops@dell.com,Female,p8N37m8vpFC
930,Novelia,Roakes,nroakespt@constantcontact.com,Female,KUUaJuxP
931,Moyna,Briggdale,mbriggdalepu@elpais.com,Male,uw2FSHRmhtr
932,Clea,Vero,cveropv@hubpages.com,Female,TpbOHRyU
933,Pier,Cawcutt,pcawcuttpw@sina.com.cn,Female,jD6MedXZ9
934,Jill,Goodwell,jgoodwellpx@seattletimes.com,Female,7GapqDs
935,Herbert,Seer,hseerpy@squarespace.com,Female,IKrgbIh
936,Jourdain,Firle,jfirlepz@omniture.com,Male,RpYoAg
937,Ermentrude,Barroux,ebarrouxq0@oracle.com,Female,iXexLe3Iuqb
938,Kassi,St Leger,kstlegerq1@scientificamerican.com,Female,uMqIjIeG
939,Beverlee,Heimes,bheimesq2@barnesandnoble.com,Female,yAjLzVh9i
940,Oliver,Northage,onorthageq3@cornell.edu,Female,FNP4JYgPR
941,Tristan,Ismirnioglou,tismirnioglouq4@berkeley.edu,Male,8xPUWvweWt
942,Alicia,Gregol,agregolq5@addthis.com,Female,1iEoBHT
943,Donny,Beachamp,dbeachampq6@loc.gov,Female,miIvGsGWx
944,Barbe,Peye,bpeyeq7@hibu.com,Female,eQXFKe
945,Antonino,Laughtisse,alaughtisseq8@smh.com.au,Female,EGcwbFmZ
946,Timmie,Snibson,tsnibsonq9@instagram.com,Male,mNi548ZgHyyM
947,Eustace,Castiello,ecastielloqa@networksolutions.com,Female,9bzt6gnwQ
948,Tabbie,Ahren,tahrenqb@usda.gov,Female,HyIW6tUB
949,Beatrix,Szwandt,bszwandtqc@mapquest.com,Female,syxiPa95
950,Halsey,McEnteggart,hmcenteggartqd@moonfruit.com,Female,JF664HD
951,Domingo,Djuricic,ddjuricicqe@newsvine.com,Male,qOGK4QD1KV
952,Cobby,Tredwell,ctredwellqf@macromedia.com,Female,LnLaHxLo
953,Berrie,Frankton,bfranktonqg@nytimes.com,Female,ztNcVFL3W
954,Joya,Muehle,jmuehleqh@goo.gl,Female,syIjPVLiLLn
955,Rafaellle,Pembry,rpembryqi@noaa.gov,Female,kPNl4iXzDSJ
956,Marlyn,Zannetti,mzannettiqj@archive.org,Male,caav81nh
957,Josee,Snawden,jsnawdenqk@amazon.co.jp,Female,WLVeQCywlR
958,Hilary,Riccio,hriccioql@mail.ru,Female,IXZGkhpIfB
959,Rhys,Minker,rminkerqm@list-manage.com,Female,4CtLJBUP
960,Danya,Driscoll,ddriscollqn@home.pl,Female,7ZmO8KsytVN
961,Hazlett,Lau,hlauqo@guardian.co.uk,Male,DtYWsNx
962,Pacorro,Gallard,pgallardqp@ted.com,Female,GhdDe5jIkMgL
963,Jeanette,Lavington,jlavingtonqq@istockphoto.com,Female,bEoG5hmMy
964,Merissa,Batie,mbatieqr@tripod.com,Female,oDXLaJEG
965,Novelia,Bicker,nbickerqs@cpanel.net,Female,Vf1EZAgJz8
966,Aggi,Yakebovich,ayakebovichqt@over-blog.com,Male,lS4S1XUsYCkY
967,Darwin,O'Malley,domalleyqu@studiopress.com,Female,4hy8Wg
968,Muhammad,McFayden,mmcfaydenqv@wordpress.org,Female,LFjhM8r
969,Hashim,Dimitrov,hdimitrovqw@google.com.hk,Female,NRbNiChK
970,Grethel,Elliss,gellissqx@biglobe.ne.jp,Female,sE3K0GwwIiz
971,Mildrid,Mingame,mmingameqy@moonfruit.com,Male,21kFCTkMz
972,Janessa,Lavalle,jlavalleqz@moonfruit.com,Female,kq2fVAu
973,Salvatore,Daldry,sdaldryr0@ameblo.jp,Female,OhGYDOHZLtgF
974,Mirella,Varns,mvarnsr1@wufoo.com,Female,9VT0mo
975,Neil,Feehan,nfeehanr2@hud.gov,Female,41zLfY
976,Garald,Litherborough,glitherboroughr3@bizjournals.com,Male,usChIhpNRwbs
977,Janis,Spurden,jspurdenr4@themeforest.net,Female,4sefsdy
978,Gunar,Steutly,gsteutlyr5@domainmarket.com,Female,ASHRg6
979,Tricia,Bamell,tbamellr6@stumbleupon.com,Female,IoN3Fs2Mr
980,Liv,Ferrarin,lferrarinr7@amazonaws.com,Female,d76inH
981,Julian,Doel,jdoelr8@illinois.edu,Male,SU6CVR3mkVN
982,Leonerd,O' Meara,lomearar9@spotify.com,Female,GK7OlhO
983,Coriss,Penke,cpenkera@amazon.de,Female,GS0a1fU
984,Trenton,Loxly,tloxlyrb@mlb.com,Female,eTHTzKVGDi
985,Anastasie,Woodrough,awoodroughrc@blogger.com,Female,zUleGke
986,Dietrich,Bazek,dbazekrd@dyndns.org,Male,c9djt04oDTUT
987,Georgetta,McGonigle,gmcgoniglere@addtoany.com,Female,FJtDGbvETVb
988,Briny,Abrehart,babrehartrf@businessweek.com,Female,ftpEuhRo8cnj
989,Amandi,Courage,acouragerg@cbslocal.com,Female,UgcCQ3PkZHiP
990,Arlin,Farlam,afarlamrh@ovh.net,Female,XBLpUlg
991,Linnie,Gottschalk,lgottschalkri@squarespace.com,Male,6Bv8L6iTnI
992,Eldin,Nesterov,enesterovrj@com.com,Female,09F5amde
993,Betsey,Cinavas,bcinavasrk@delicious.com,Female,NnHvSZ
994,Gregorius,Cremin,gcreminrl@furl.net,Female,BQg2B6Ue2tl
995,Brodie,Hiom,bhiomrm@pbs.org,Female,822q40EreDyk
996,Michael,Emmett,memmettrn@baidu.com,Male,R8WWwEQ9X
997,Milly,Sinncock,msinncockro@seesaa.net,Female,vsmu9FSBm5a8
998,Keen,Landy,klandyrp@biglobe.ne.jp,Female,909Ilm
999,Rockey,Atte-Stone,rattestonerq@edublogs.org,Female,nXG3UWTk
1000,Donetta,Humpherston,dhumpherstonrr@barnesandnoble.com,Female,jAysrcPm5l2E
